{
  "id": "1717884",
  "name": "pcbicon",
  "font_family": "iconfont",
  "css_prefix_text": "icon",
  "description": "pcb-国内版本",
  "glyphs": [
    {
      "icon_id": "15060924",
      "name": "组件／图标／箭头",
      "font_class": "zujiantubiaojiantou19",
      "unicode": "e657",
      "unicode_decimal": 58967
    },
    {
      "icon_id": "15060798",
      "name": "矩形",
      "font_class": "juxing",
      "unicode": "e656",
      "unicode_decimal": 58966
    },
    {
      "icon_id": "584016",
      "name": "问号",
      "font_class": "iconfontquestion",
      "unicode": "e60a",
      "unicode_decimal": 58890
    },
    {
      "icon_id": "14243607",
      "name": "组件／图标／箭头",
      "font_class": "zujiantubiaojiantou18",
      "unicode": "e653",
      "unicode_decimal": 58963
    },
    {
      "icon_id": "14195649",
      "name": "组件／图标／箭头",
      "font_class": "zujiantubiaojiantou17",
      "unicode": "e652",
      "unicode_decimal": 58962
    },
    {
      "icon_id": "14195647",
      "name": "组件／图标／箭头(2)",
      "font_class": "zujiantubiaojiantou21",
      "unicode": "e651",
      "unicode_decimal": 58961
    },
    {
      "icon_id": "14195643",
      "name": "组件／图标／箭头(1)",
      "font_class": "zujiantubiaojiantou16",
      "unicode": "e650",
      "unicode_decimal": 58960
    },
    {
      "icon_id": "14116437",
      "name": "组件／图标／箭头",
      "font_class": "zujiantubiaojiantou15",
      "unicode": "e64f",
      "unicode_decimal": 58959
    },
    {
      "icon_id": "14116426",
      "name": "组件／图标／箭头(1)",
      "font_class": "zujiantubiaojiantou14",
      "unicode": "e64e",
      "unicode_decimal": 58958
    },
    {
      "icon_id": "13877701",
      "name": "组件／图标／箭头 (3)",
      "font_class": "zujiantubiaojiantou13",
      "unicode": "e64d",
      "unicode_decimal": 58957
    },
    {
      "icon_id": "13877699",
      "name": "组件／图标／警告",
      "font_class": "zujiantubiaojinggao2",
      "unicode": "e64c",
      "unicode_decimal": 58956
    },
    {
      "icon_id": "13877696",
      "name": "组件／图标／箭头 (1)",
      "font_class": "zujiantubiaojiantou12",
      "unicode": "e64b",
      "unicode_decimal": 58955
    },
    {
      "icon_id": "13877694",
      "name": "组件／图标／箭头 (2)",
      "font_class": "zujiantubiaojiantou11",
      "unicode": "e64a",
      "unicode_decimal": 58954
    },
    {
      "icon_id": "13877634",
      "name": "组件／图标／箭头",
      "font_class": "zujiantubiaojiantou10",
      "unicode": "e649",
      "unicode_decimal": 58953
    },
    {
      "icon_id": "13869889",
      "name": "组件／图标／箭头",
      "font_class": "zujiantubiaojiantou9",
      "unicode": "e648",
      "unicode_decimal": 58952
    },
    {
      "icon_id": "13866777",
      "name": "组件／图标／手机",
      "font_class": "zujiantubiaoshouji2",
      "unicode": "e647",
      "unicode_decimal": 58951
    },
    {
      "icon_id": "13866773",
      "name": "组件／图标／警告",
      "font_class": "zujiantubiaojinggao1",
      "unicode": "e646",
      "unicode_decimal": 58950
    },
    {
      "icon_id": "13866743",
      "name": "组件／图标／箭头",
      "font_class": "zujiantubiaojiantou8",
      "unicode": "e645",
      "unicode_decimal": 58949
    },
    {
      "icon_id": "13866741",
      "name": "组件／图标／箭头(2)",
      "font_class": "zujiantubiaojiantou7",
      "unicode": "e644",
      "unicode_decimal": 58948
    },
    {
      "icon_id": "13866696",
      "name": "组件／图标／箭头",
      "font_class": "zujiantubiaojiantou6",
      "unicode": "e642",
      "unicode_decimal": 58946
    },
    {
      "icon_id": "13864487",
      "name": "组件／图标／箭头",
      "font_class": "zujiantubiaojiantou5",
      "unicode": "e641",
      "unicode_decimal": 58945
    },
    {
      "icon_id": "13862559",
      "name": "组件／元素／星星／选中",
      "font_class": "zujianyuansuxingxingxuanzhong",
      "unicode": "e640",
      "unicode_decimal": 58944
    },
    {
      "icon_id": "13834323",
      "name": "组件／图标／礼物",
      "font_class": "zujiantubiaoliwu17",
      "unicode": "e63f",
      "unicode_decimal": 58943
    },
    {
      "icon_id": "13834319",
      "name": "组件／图标／礼物(2)",
      "font_class": "zujiantubiaoliwu16",
      "unicode": "e63e",
      "unicode_decimal": 58942
    },
    {
      "icon_id": "13834318",
      "name": "组件／图标／礼物(1)",
      "font_class": "zujiantubiaoliwu15",
      "unicode": "e63d",
      "unicode_decimal": 58941
    },
    {
      "icon_id": "13834314",
      "name": "组件／图标／箭头",
      "font_class": "zujiantubiaojiantou4",
      "unicode": "e63c",
      "unicode_decimal": 58940
    },
    {
      "icon_id": "13834294",
      "name": "组件／图标／箭头(1)",
      "font_class": "zujiantubiaojiantou3",
      "unicode": "e63b",
      "unicode_decimal": 58939
    },
    {
      "icon_id": "13789805",
      "name": "组件／图标／头像",
      "font_class": "zujiantubiaotouxiang",
      "unicode": "e63a",
      "unicode_decimal": 58938
    },
    {
      "icon_id": "13789795",
      "name": "组件／图标／礼物",
      "font_class": "zujiantubiaoliwu14",
      "unicode": "e639",
      "unicode_decimal": 58937
    },
    {
      "icon_id": "13789790",
      "name": "组件／图标／礼物(11)",
      "font_class": "zujiantubiaoliwu13",
      "unicode": "e638",
      "unicode_decimal": 58936
    },
    {
      "icon_id": "13789789",
      "name": "组件／图标／礼物(10)",
      "font_class": "zujiantubiaoliwu12",
      "unicode": "e637",
      "unicode_decimal": 58935
    },
    {
      "icon_id": "13789776",
      "name": "组件／图标／礼物(9)",
      "font_class": "zujiantubiaoliwu11",
      "unicode": "e636",
      "unicode_decimal": 58934
    },
    {
      "icon_id": "13789753",
      "name": "组件／图标／礼物(8)",
      "font_class": "zujiantubiaoliwu10",
      "unicode": "e635",
      "unicode_decimal": 58933
    },
    {
      "icon_id": "13789745",
      "name": "组件／图标／礼物(7)",
      "font_class": "zujiantubiaoliwu9",
      "unicode": "e634",
      "unicode_decimal": 58932
    },
    {
      "icon_id": "13789736",
      "name": "组件／图标／礼物(6)",
      "font_class": "zujiantubiaoliwu8",
      "unicode": "e633",
      "unicode_decimal": 58931
    },
    {
      "icon_id": "13789732",
      "name": "组件／图标／礼物(5)",
      "font_class": "zujiantubiaoliwu7",
      "unicode": "e632",
      "unicode_decimal": 58930
    },
    {
      "icon_id": "13789729",
      "name": "组件／图标／礼物(4)",
      "font_class": "zujiantubiaoliwu6",
      "unicode": "e631",
      "unicode_decimal": 58929
    },
    {
      "icon_id": "13789722",
      "name": "组件／图标／礼物(3)",
      "font_class": "zujiantubiaoliwu5",
      "unicode": "e630",
      "unicode_decimal": 58928
    },
    {
      "icon_id": "13789719",
      "name": "组件／图标／礼物(2)",
      "font_class": "zujiantubiaoliwu4",
      "unicode": "e62f",
      "unicode_decimal": 58927
    },
    {
      "icon_id": "13789695",
      "name": "组件／图标／礼物(1)",
      "font_class": "zujiantubiaoliwu3",
      "unicode": "e62e",
      "unicode_decimal": 58926
    },
    {
      "icon_id": "13789693",
      "name": "组件／图标／喇叭",
      "font_class": "zujiantubiaolaba1",
      "unicode": "e62d",
      "unicode_decimal": 58925
    },
    {
      "icon_id": "13780233",
      "name": "组件／图标／手机",
      "font_class": "zujiantubiaoshouji1",
      "unicode": "e62c",
      "unicode_decimal": 58924
    },
    {
      "icon_id": "13780228",
      "name": "组件／图标／礼物",
      "font_class": "zujiantubiaoliwu2",
      "unicode": "e62b",
      "unicode_decimal": 58923
    },
    {
      "icon_id": "13780225",
      "name": "组件／图标／礼物(2)",
      "font_class": "zujiantubiaoliwu1",
      "unicode": "e62a",
      "unicode_decimal": 58922
    },
    {
      "icon_id": "13780221",
      "name": "组件／图标／礼物(1)",
      "font_class": "zujiantubiaoliwu",
      "unicode": "e629",
      "unicode_decimal": 58921
    },
    {
      "icon_id": "13780216",
      "name": "组件／图标／箭头",
      "font_class": "zujiantubiaojiantou2",
      "unicode": "e628",
      "unicode_decimal": 58920
    },
    {
      "icon_id": "13780210",
      "name": "组件／图标／购物车",
      "font_class": "zujiantubiaogouwuche",
      "unicode": "e627",
      "unicode_decimal": 58919
    },
    {
      "icon_id": "13742346",
      "name": "组件／图标／喇叭",
      "font_class": "zujiantubiaolaba",
      "unicode": "e626",
      "unicode_decimal": 58918
    },
    {
      "icon_id": "13742344",
      "name": "组件／图标／箭头",
      "font_class": "zujiantubiaojiantou1",
      "unicode": "e625",
      "unicode_decimal": 58917
    },
    {
      "icon_id": "13742341",
      "name": "组件／图标／箭头(1)",
      "font_class": "zujiantubiaojiantou",
      "unicode": "e624",
      "unicode_decimal": 58916
    },
    {
      "icon_id": "13742340",
      "name": "组件／图标／成功",
      "font_class": "zujiantubiaochenggong",
      "unicode": "e623",
      "unicode_decimal": 58915
    },
    {
      "icon_id": "13742309",
      "name": "组件／图标／公司",
      "font_class": "zujiantubiaogongsi",
      "unicode": "e622",
      "unicode_decimal": 58914
    },
    {
      "icon_id": "13742218",
      "name": "组件／图标／盾牌",
      "font_class": "zujiantubiaodunpai",
      "unicode": "e621",
      "unicode_decimal": 58913
    },
    {
      "icon_id": "13742180",
      "name": "组件／图标／警告",
      "font_class": "zujiantubiaojinggao",
      "unicode": "e620",
      "unicode_decimal": 58912
    },
    {
      "icon_id": "13742129",
      "name": "组件／图标／邮箱",
      "font_class": "zujiantubiaoyouxiang",
      "unicode": "e61f",
      "unicode_decimal": 58911
    },
    {
      "icon_id": "13742125",
      "name": "组件／图标／微信(1)",
      "font_class": "zujiantubiaoweixin",
      "unicode": "e61e",
      "unicode_decimal": 58910
    },
    {
      "icon_id": "13742122",
      "name": "组件／图标／手机",
      "font_class": "zujiantubiaoshouji",
      "unicode": "e61d",
      "unicode_decimal": 58909
    },
    {
      "icon_id": "13742108",
      "name": "组件／图标／密码",
      "font_class": "zujiantubiaomima",
      "unicode": "e61c",
      "unicode_decimal": 58908
    },
    {
      "icon_id": "13742103",
      "name": "组件／图标／电话",
      "font_class": "zujiantubiaodianhua",
      "unicode": "e61b",
      "unicode_decimal": 58907
    },
    {
      "icon_id": "13742094",
      "name": "组件／图标／QQ",
      "font_class": "zujiantubiaoQQ",
      "unicode": "e61a",
      "unicode_decimal": 58906
    }
  ]
}
